{
  "project_info": {
    "project_number": "753979292689",
    "firebase_url": "https://book-shelf-be347.firebaseio.com",
    "project_id": "book-shelf-be347",
    "storage_bucket": "book-shelf-be347.appspot.com"
  },
  "client": [
    {
      "client_info": {
        "mobilesdk_app_id": "1:753979292689:android:67f0fa72f04c37cc",
        "android_client_info": {
          "package_name": "com.make.it.kit.librarymanager"
        }
      },
      "oauth_client": [
        {
          "client_id": "753979292689-ktvmis9qkj39gse8lsonq1c18lkqroin.apps.googleusercontent.com",
          "client_type": 1,
          "android_info": {
            "package_name": "com.make.it.kit.librarymanager",
            "certificate_hash": "382e5f970e276b15f4c932675a810184d9622dbc"
          }
        },
        {
          "client_id": "753979292689-oaldlajs34k6a3d1s2gu3rhkp2cndnjc.apps.googleusercontent.com",
          "client_type": 3
        }
      ],
      "api_key": [
        {
          "current_key": "AIzaSyA-P2BWOHvgwaSsGLW_etpf6YEpSnROTu0"
        }
      ],
      "services": {
        "appinvite_service": {
          "other_platform_oauth_client": [
            {
              "client_id": "753979292689-oaldlajs34k6a3d1s2gu3rhkp2cndnjc.apps.googleusercontent.com",
              "client_type": 3
            }
          ]
        }
      }
    }
  ],
  "configuration_version": "1"
}